frame_id,sequence,sep_raw,sep_aug,delta
000745,00,0.5000458144865603,0.9094129961267412,0.40936718164018093
000746,00,0.5125030992702864,0.9402668654428226,0.4277637661725362
000747,00,0.5116164722452167,0.9109843319280467,0.39936785968283006
000748,00,0.5156457875456142,0.901763867888335,0.38611808034272077
000749,00,0.4809339289779853,0.8329102492709928,0.35197632029300746
000750,00,0.4587588205596928,0.8024271219751314,0.34366830141543864
000751,00,0.428581667918824,0.764580868609318,0.33599920069049394
000752,00,0.4011303744599355,0.7547380034964917,0.3536076290365562
000753,00,0.3599097412342406,0.6813499487859476,0.321440207551707
000754,00,0.3265024437440277,0.6379646560483416,0.3114622123043139
000755,00,0.30935558362994686,0.6027565521617784,0.2934009685318315
000756,00,0.28198835820397866,0.555277813595964,0.2732894553919853
000757,00,0.27533847043583626,0.5060068216354892,0.2306683511996529
000758,00,0.26339038810341436,0.4705259529761229,0.2071355648727085
000759,00,0.2303927210889098,0.38576256592120195,0.15536984483229216
000760,00,0.2285949401934958,0.3449940510807748,0.116399110887279
000761,00,0.20502795029576046,0.3019810867863307,0.09695313649057022
000762,00,0.20661552357668228,0.2766155182032765,0.06999999462659423
000763,00,0.20304106751456646,0.23829674423661218,0.035255676722045715
000764,00,0.18241578926568303,0.20576515244709767,0.023349363181414645
000765,00,0.17864932459406563,0.18864170420989826,0.00999237961583263
000766,00,0.18381688390887038,0.16636308827500332,-0.017453795633867064
000767,00,0.1998050784685835,0.15596264510558022,-0.04384243336300328
000768,00,0.22016868252927785,0.12621333633630172,-0.09395534619297613
000769,00,0.23755514428369337,0.11952863133342176,-0.11802651295027161
000770,00,0.24390640417315962,0.10917866167037163,-0.134727742502788
000771,00,0.22881285165388693,0.09305531228440263,-0.13575753936948431
000772,00,0.23187276519843697,0.08809112495123274,-0.14378164024720425
000773,00,0.23146580108357917,0.09141884208529741,-0.14004695899828176
000774,00,0.24353765365457747,0.10391789102920698,-0.13961976262537049
000775,00,0.23368532033265016,0.11018799068766928,-0.12349732964498088
000776,00,0.16307112210132815,0.09914339470096073,-0.06392772740036742
000777,00,0.19425360900773905,0.11131131633681128,-0.08294229267092777
000778,00,0.21994366564857715,0.13580382123625803,-0.08413984441231911
000779,00,0.21682540233738112,0.14218170069533015,-0.07464370164205097
000780,00,0.16591421268408935,0.13100620364930374,-0.03490800903478561
000781,00,0.10629920356643133,0.11446615496111431,0.008166951394682986
000782,00,0.06956219270324174,0.1034508894125395,0.03388869670929777
000783,00,0.06942914203880111,0.10828924334595738,0.03886010130715627
000784,00,0.0778385327347325,0.1160762958867675,0.038237763152035004
000785,00,0.06981412742939427,0.12492929312609856,0.055115165696704285
000786,00,0.07039407538633485,0.1312889311352354,0.06089485574890055
000787,00,0.06580788025401559,0.14016657225091697,0.07435869199690139
000788,00,0.0835857458895426,0.14626434749639036,0.06267860160684777
000789,00,0.1005319995264972,0.15911622526597927,0.05858422573948206
000790,00,0.1309605753673762,0.18017014099263776,0.04920956562526155
000791,00,0.1506652908797847,0.19729450557169495,0.046629214691910253
000792,00,0.16518270300693097,0.19932544765398355,0.03414274464705258
000793,00,0.22165342046392306,0.2337731470098165,0.012119726545893439
000794,00,0.2771934903818385,0.30063402335189043,0.02344053297005194
000795,00,0.3217270697154802,0.3388824187272196,0.017155349011739374
000796,00,0.36118505442478677,0.4092421766689289,0.04805712224414216
000797,00,0.3213109603257159,0.4523114570394317,0.13100049671371583
000798,00,0.31634705387863754,0.5060877080763602,0.18974065419772262
000799,00,0.3213082139470432,0.5368475106082863,0.2155392966612431
000800,00,0.3386271416717278,0.5721252083676449,0.2334980666959171
000801,00,0.31742446064171215,0.5617943451032115,0.24436988446149932
000802,00,0.28927545234671237,0.5202977913104398,0.23102233896372748
000803,00,0.2764451081647107,0.5156750244951802,0.23922991633046953
000804,00,0.3062658915894856,0.5361449282184514,0.2298790366289658
000805,00,0.32111532428100165,0.573775075487865,0.25265975120686335
000806,00,0.34939497833343847,0.5992208541398364,0.24982587580639792
000807,00,0.3616835151393947,0.5751549131080634,0.21347139796866876
000808,00,0.31547204367172355,0.5293157876073368,0.21384374393561323
000809,00,0.29940989279579727,0.5143474709461533,0.21493757815035602
000810,00,0.29056809943631784,0.5018892236530729,0.21132112421675503
000811,00,0.24131791503167785,0.45530309248026535,0.2139851774485875
000812,00,0.23676450136031207,0.43723373960385387,0.2004692382435418
000813,00,0.22263860135607197,0.40728895193042114,0.18465035057434917
000814,00,0.20009963618092097,0.37460496121518844,0.17450532503426747
000815,00,0.1677870567913555,0.32611977323395785,0.15833271644260236
000816,00,0.12822438939293948,0.28963394981369633,0.16140956042075685
000817,00,0.09793595778471324,0.25807454683017,0.16013858904545675
000818,00,0.0767823969485537,0.2215479490062569,0.1447655520577032
000819,00,0.06336074161422331,0.17698575328539273,0.11362501167116942
000820,00,0.04763787947673934,0.14161922409897443,0.09398134462223509
000821,00,0.04779473561892375,0.12110379378805117,0.07330905816912742
000822,00,0.045770080359504944,0.10818226344590909,0.062412183086404144
000823,00,0.04890022266447292,0.10270830909194598,0.053808086427473055
000824,00,0.05152740349960074,0.10064573157223242,0.049118328072631674
000825,00,0.04807574413246365,0.09348037904980781,0.045404634917344165
000826,00,0.043230859419620585,0.09424872330307747,0.05101786388345689
000827,00,0.0423136770076504,0.09143206977510597,0.04911839276745557
000828,00,0.03966362773444618,0.09068698015490477,0.05102335242045859
000829,00,0.04775708112639373,0.08939792694767777,0.041640845821284043
000830,00,0.04998436958950993,0.08956569986557573,0.03958133027606581
000831,00,0.05855761328681757,0.09190350777402234,0.03334589448720477
000832,00,0.0595760242013261,0.08929081281001033,0.029714788608684234
000833,00,0.05741694967658739,0.08607648866623036,0.028659538989642963
000834,00,0.06323613436835379,0.08310641359881774,0.019870279230463944
000835,00,0.0693348036919106,0.08248512586461522,0.01315032217270462
000836,00,0.07378539517448712,0.08496194189864552,0.011176546724158395
000837,00,0.07952227519982973,0.08448291168919071,0.004960636489360987
000838,00,0.08512578281982036,0.08215783235937654,-0.002967950460443819
000839,00,0.09283245213020247,0.08559832947665869,-0.007234122653543784
000840,00,0.10311260250178436,0.09133545554557398,-0.011777146956210377
000841,00,0.11289804544527828,0.10072578720653474,-0.01217225823874353
000842,00,0.13195664284691605,0.1161760086060154,-0.01578063424090065
000843,00,0.1466475354530309,0.1366066529444215,-0.010040882508609406
000844,00,0.16486980242483582,0.16044851246152747,-0.004421289963308345
000845,00,0.1791956641714441,0.18856340752353362,0.009367743352089508
000846,00,0.20807448481211707,0.21928266202967658,0.011208177217559512
000847,00,0.22830723097137376,0.25425340408201447,0.025946173110640708
000848,00,0.23016070285151935,0.2854845035239828,0.05532380067246345
000849,00,0.2402288978307913,0.31890881797269366,0.07867992014190237
000850,00,0.2435869274058378,0.3541090417972709,0.11052211439143309
000851,00,0.24389028002545768,0.3883055908074254,0.1444153107819677
000852,00,0.2575549848546744,0.42460497802986885,0.16704999317519448
000853,00,0.2660366511331552,0.4616387026110575,0.19560205147790227
000854,00,0.2764112550872362,0.4826219882803726,0.20621073319313643
000855,00,0.2858087332998834,0.49885505014491743,0.21304631684503406
000856,00,0.2919755327575891,0.5046830915562095,0.2127075587986204
000857,00,0.296196022906676,0.5219096884462456,0.22571366553956962
000858,00,0.29192941098858205,0.5065949227277038,0.21466551173912174
000859,00,0.3088900976335394,0.4878979272747764,0.17900782964123696
000860,00,0.3362979922743144,0.4895518616125361,0.15325386933822172
000861,00,0.3427595926383078,0.43906543598556286,0.09630584334725506
000862,00,0.3591808007354577,0.4092879983691329,0.05010719763367516
000863,00,0.35241643451450505,0.37618580127069207,0.023769366756187016
000864,00,0.3354604430559275,0.32829695956534155,-0.007163483490585931
000865,00,0.2963986957097408,0.29195857040666684,-0.004440125303073972
000866,00,0.2721169673740074,0.23654152952925883,-0.03557543784474859
000867,00,0.27263685367743207,0.19554165855373443,-0.07709519512369764
000868,00,0.26434605506583253,0.1668684616771476,-0.09747759338868492
000869,00,0.2934134206705839,0.15646400059814916,-0.13694942007243474
000870,00,0.26623237059610955,0.1330345724203335,-0.13319779817577604
000871,00,0.24281766176713349,0.13405126567648468,-0.10876639609064881
000872,00,0.20981735422834363,0.13889885608246408,-0.07091849814587955
000873,00,0.22423295130140977,0.13714837369269478,-0.08708457760871499
000874,00,0.20528856462671383,0.12886007336646604,-0.07642849126024778
000875,00,0.1830832241212358,0.11913602924099584,-0.06394719488023995
000876,00,0.2007133808319646,0.1295126757106604,-0.07120070512130419
000877,00,0.179869023683122,0.1459113529933147,-0.03395767068980729
000878,00,0.1763921286201436,0.1611262779326873,-0.015265850687456312
000879,00,0.16866854744159665,0.18789900441116855,0.019230456969571902
000880,00,0.14459615064435444,0.2010419266399144,0.05644577599555997
000881,00,0.12426175482793586,0.2152795537813369,0.09101779895340104
000882,00,0.12598780287999006,0.24342309218730224,0.11743528930731217
000883,00,0.12912275613367877,0.26451773260416034,0.13539497647048157
000884,00,0.11836107727049326,0.2628592734314619,0.14449819616096865
000885,00,0.11354730499784978,0.25728734971754597,0.1437400447196962
000886,00,0.10425908697337723,0.24581985324716107,0.14156076627378383
000887,00,0.09888431894493445,0.230745394794659,0.13186107584972456
000888,00,0.09992933811555992,0.23213012239319625,0.13220078427763632
000889,00,0.10214980566364787,0.23534143683264333,0.13319163116899546
000890,00,0.1134747809239219,0.2378266868672098,0.12435190594328792
000891,00,0.11848044618558921,0.23002997041970163,0.11154952423411242
000892,00,0.13550965198007844,0.23134642108503797,0.09583676910495953
000893,00,0.1315830973339307,0.23144311117232577,0.09986001383839507
000894,00,0.1497437491970024,0.24918505121986906,0.09944130202286666
000895,00,0.1832094076110849,0.2559856206178235,0.07277621300673859
000896,00,0.23784061779141788,0.286184719476259,0.04834410168484113
000897,00,0.24892970148516283,0.28736261093322346,0.03843290944806063
000898,00,0.24317942282323723,0.2604996124732471,0.017320189650009865
000899,00,0.22786305768730214,0.24504896322274647,0.01718590553544433
000900,00,0.2881062467004638,0.2840854032146465,-0.004020843485817327
000901,00,0.2521329047024003,0.278299007645695,0.02616610294329469
000902,00,0.23234758088018817,0.27375469153234644,0.04140711065215827
000903,00,0.31707995662382743,0.3102270704108089,-0.00685288621301855
000904,00,0.33757060375986886,0.33660910932431726,-0.000961494435551602
000905,00,0.31883757884468583,0.36894708914619906,0.05010951030151323
000906,00,0.25600663313357136,0.34252188775826325,0.0865152546246919
000907,00,0.19864403672973657,0.2886263801733335,0.0899823434435969
000908,00,0.18228096441199562,0.26702932172478716,0.08474835731279154
000909,00,0.2086586431118713,0.2825712008166871,0.07391255770481578
000910,00,0.22412091753384092,0.29405019798627685,0.06992928045243593
000911,00,0.24378382942338697,0.30493207804773487,0.061148248624347895
000912,00,0.2544018268985846,0.356950294407517,0.10254846750893243
000913,00,0.27588845387289096,0.36955965056739226,0.0936711966945013
000914,00,0.319803618406977,0.40613568665018324,0.08633206824320622
000915,00,0.34553045828665335,0.4423652630197741,0.09683480473312073
000916,00,0.38060820101784415,0.45478826308460557,0.07418006206676142
000917,00,0.3909060452553595,0.4535771255990054,0.06267108034364594
000918,00,0.38428211030460535,0.43772882782669886,0.05344671752209351
000919,00,0.32977483008286756,0.41354145585489294,0.08376662577202537
000920,00,0.29583082078495065,0.38724186891168333,0.09141104812673267
000921,00,0.24733232614375056,0.35885364053523994,0.11152131439148938
000922,00,0.216755666531712,0.33280687805150155,0.11605121151978956
000923,00,0.20243076315962305,0.3297256571366723,0.12729489397704924
000924,00,0.1921247879032925,0.3307845898642707,0.13865980196097819
000925,00,0.18646855370106652,0.34178285936998104,0.15531430566891452
000926,00,0.18254654986470265,0.3521352691067354,0.16958871924203278
000927,00,0.19297272388506667,0.36315947799250764,0.17018675410744097
000928,00,0.18741645313845354,0.36405689695810933,0.1766404438196558
000929,00,0.19315187725137303,0.3720901151156141,0.17893823786424104
000930,00,0.17055789237455138,0.3554183890739177,0.18486049669936633
000931,00,0.1733372661771536,0.3703596050151449,0.19702233883799133
000932,00,0.17924533003645315,0.40142688081408257,0.2221815507776294
000933,00,0.1808896430167649,0.41076772911657244,0.22987808609980753
000934,00,0.1721825596197726,0.41118885113253983,0.23900629151276723
000935,00,0.20012281557936595,0.41806440716334614,0.2179415915839802
000936,00,0.19363386919040435,0.42149884043793706,0.22786497124753272
000937,00,0.1744056873673199,0.4504098833602288,0.27600419599290893
000938,00,0.17101948882437576,0.46023737997944514,0.28921789115506935
000939,00,0.1976558190479649,0.4944986008288583,0.2968427817808934
000940,00,0.201887400060626,0.5014882637276299,0.2996008636670039
000941,00,0.22826036473240532,0.5127624264510037,0.2845020617185984
000942,00,0.20849451916472175,0.5003125534759022,0.2918180343111805
000943,00,0.18986654803562567,0.47832688682090385,0.2884603387852782
000944,00,0.17668336725026554,0.451750634207228,0.2750672669569625
000945,00,0.16748877842196114,0.4281497287794315,0.2606609503574704
000946,00,0.16825239726205887,0.40304855529439126,0.2347961580323324
000947,00,0.16924701274629753,0.4085619670066594,0.2393149542603619
000948,00,0.15895675490989372,0.411316231915826,0.2523594770059323
000949,00,0.1588852965421305,0.41474992675726774,0.2558646302151373
000950,00,0.15992164771524106,0.40375191886869366,0.2438302711534526
000951,00,0.16921517110472026,0.42286399506911154,0.25364882396439126
000952,00,0.17007771967635898,0.43527833238129066,0.26520061270493167
000953,00,0.17258812698676226,0.4359506614673691,0.26336253448060687
000954,00,0.184281108766035,0.43856176421228715,0.2542806554462521
000955,00,0.1962366383251598,0.44394100496918326,0.24770436664402345
000956,00,0.19924771177932415,0.45561636223698115,0.256368650457657
000957,00,0.20417922012222917,0.4701877776377634,0.26600855751553426
000958,00,0.20425022804135498,0.4576797656257476,0.2534295375843926
000959,00,0.20311058925489314,0.46632121535352794,0.26321062609863477
000960,00,0.21149453028304407,0.47142252916989713,0.25992799888685303
000961,00,0.22600215040513008,0.5211488440807073,0.2951466936755772
000962,00,0.24928283203049895,0.5525450271198723,0.30326219508937335
000963,00,0.27416611184891343,0.5701797576809284,0.296013645832015
000964,00,0.30822230553366503,0.6007633378995839,0.2925410323659189
000965,00,0.3297529540426991,0.64341838562449,0.31366543158179094
000966,00,0.3616183554242533,0.680160801633276,0.31854244620902267
000967,00,0.3596159356766603,0.6623079214890512,0.3026919858123909
000968,00,0.3484682508347796,0.6100502281142868,0.26158197727950716
000969,00,0.3272375586983139,0.54158582009143,0.21434826139311608
000970,00,0.31809417385992367,0.5216048856932523,0.20351071183332858
000971,00,0.28338563345169315,0.4835671559035962,0.20018152245190307
000972,00,0.25133342670921355,0.46742173305228946,0.2160883063430759
000973,00,0.2148251559107713,0.44968185026772417,0.23485669435695286
000974,00,0.1936592378014228,0.4697370954119296,0.2760778576105068
000975,00,0.17373106485180917,0.4839978540186168,0.3102667891668076
000976,00,0.15990988957477326,0.49723685700170817,0.3373269674269349
000977,00,0.15216620149052043,0.5133417073901115,0.36117550589959113
000978,00,0.14877662784133536,0.5166448358431356,0.3678682080018002
000979,00,0.14528643341885045,0.5480451219903802,0.4027586885715298
000980,00,0.14373243370693956,0.5632310937329347,0.4194986600259951
000981,00,0.14546828967821585,0.5415647407743023,0.39609645109608643
000982,00,0.14799527002987223,0.5191562577953136,0.3711609877654414
000983,00,0.14205658678927366,0.47205345138931326,0.32999686460003963
000984,00,0.13648697454347783,0.44501492591435615,0.3085279513708783
000985,00,0.15391115244501172,0.4519993174930695,0.2980881650480578
000986,00,0.160040620075177,0.45516857426227736,0.29512795418710036
000987,00,0.1487712191619893,0.4545174973710526,0.3057462782090633
000988,00,0.16647502684470486,0.4585567735689545,0.2920817467242497
000989,00,0.1862241097759781,0.4740114144334112,0.28778730465743313
000990,00,0.24552574202827013,0.47449827363053537,0.22897253160226524
000991,00,0.25481960272082943,0.4739549632271948,0.2191353605063654
000992,00,0.33809469931212655,0.5345231283389115,0.19642842902678492
000993,00,0.3001262859148053,0.5363654436794129,0.23623915776460758
000994,00,0.283859370035798,0.5282027452577999,0.2443433752220019
000995,00,0.28400272834601814,0.514116366374407,0.2301136380283889
000996,00,0.24273751032534388,0.4567995687604981,0.21406205843515422
000997,00,0.24311191188652737,0.4320837116766188,0.18897179979009143
000998,00,0.22475992925672603,0.41093347875504693,0.1861735494983209
000999,00,0.22239330387453493,0.3925975084820983,0.17020420460756336
001000,00,0.18220230558763859,0.36162921186770086,0.17942690628006228
001001,00,0.14272916138092168,0.3116769253380128,0.1689477639570911
001002,00,0.14668135429750287,0.30272967842178794,0.15604832412428507
001003,00,0.18102701783000497,0.3170704298898235,0.1360434120598185
001004,00,0.18076747151385406,0.2988754326138271,0.11810796109997304
001005,00,0.19271405078206008,0.2737413508937494,0.08102730011168932
001006,00,0.1773477482619787,0.2550567618228299,0.07770901356085119
001007,00,0.1601916475512333,0.22655297666690763,0.06636132911567433
001008,00,0.17574435418412016,0.2231152332048236,0.047370879020703444
001009,00,0.18519292584076774,0.21522130161748063,0.030028375776712884
001010,00,0.18370212908433076,0.21311997966257645,0.029417850578245697
001011,00,0.21062997618282991,0.22162556998005584,0.010995593797225922
001012,00,0.23577826600878685,0.23663291752241666,0.0008546515136298172
001013,00,0.24097359772443705,0.24104511350212077,7.15157776837172e-05
001014,00,0.22880553715518454,0.25599294663474853,0.027187409479563995
001015,00,0.2040223174991477,0.2863479907765051,0.08232567327735738
001016,00,0.21661966059937005,0.3381792957488358,0.12155963514946577
001017,00,0.22292589533276255,0.38199161257198205,0.1590657172392195
001018,00,0.210414680938845,0.42516008162652746,0.21474540068768247
001019,00,0.24365523253146754,0.47873323558542374,0.2350780030539562
001020,00,0.2502603979054252,0.5077255696852429,0.25746517177981765
001021,00,0.2856537457434804,0.5557821304972391,0.2701283847537587
001022,00,0.30916955138096414,0.5817149373737068,0.2725453859927427
001023,00,0.3049186526602172,0.5638921940511702,0.25897354139095297
001024,00,0.33451079681724155,0.5290940598939087,0.19458326307666712
001025,00,0.32187312465149925,0.47072985890152075,0.1488567342500215
001026,00,0.3223114329455568,0.4395178882416618,0.11720645529610502
001027,00,0.39532909342685607,0.42453230560532307,0.029203212178466997
001028,00,0.41820022246164834,0.4080913239417149,-0.010108898519933462
001029,00,0.4414318146479082,0.357497795373683,-0.08393401927422522
001030,00,0.49990120314233016,0.34095867908044075,-0.1589425240618894
001031,00,0.47567973757217824,0.32132002323434455,-0.1543597143378337
001032,00,0.4670042376301841,0.3167223938121336,-0.15028184381805054
001033,00,0.4406779111294735,0.35188691345530865,-0.08879099767416487
001034,00,0.47992139991595845,0.3978089993794669,-0.08211240053649155
001035,00,0.5588540957157179,0.43977652747101387,-0.119077568244704
001036,00,0.5612040763925292,0.468784841576624,-0.09241923481590525
001037,00,0.4390236769085094,0.44829391102634675,0.00927023411783734
001038,00,0.3924220460139332,0.4558389654319754,0.06341691941804217
001039,00,0.347649345476672,0.4728579594691258,0.1252086139924538
001040,00,0.34711438701606256,0.48456464978321023,0.13745026276714767
001041,00,0.37415672722948573,0.5010943195292212,0.1269375922997355
001042,00,0.4039557269110374,0.4748654770499721,0.07090975013893469
001043,00,0.3932549630062873,0.45875364548589503,0.06549868247960772
001044,00,0.3870455438203948,0.43370581804399105,0.046660274223596254
001045,00,0.368187170677911,0.41385005447530837,0.04566288379739736
001046,00,0.41770196871285237,0.45079744885122025,0.03309548013836788
001047,00,0.44689456521471554,0.4522455427524511,0.005350977537735557
001048,00,0.42893179474805737,0.41375366781758405,-0.015178126930473324
001049,00,0.4347734314736671,0.40776059829856365,-0.027012833175103446
001050,00,0.4261540588177883,0.4252746038710576,-0.0008794549467306956
001051,00,0.43560929721732655,0.4825708783627492,0.04696158114542265
001052,00,0.4649438267088255,0.5701429833837999,0.10519915667497437
001053,00,0.48503004374719916,0.6152661992870255,0.13023615553982637
001054,00,0.5309344132750973,0.6433491653775611,0.11241475210246388
001055,00,0.520367941613901,0.6503697209517321,0.13000177933783108
001056,00,0.44879221396914964,0.6279630665679238,0.17917085259877413
001057,00,0.41307526485753604,0.578276826718038,0.165201561860502
001058,00,0.42298869498645275,0.5468684270364523,0.12387973204999958
001059,00,0.42965450414565387,0.48989911200549907,0.0602446078598452
001060,00,0.38071005660448615,0.43160872249281407,0.05089866588832792
001061,00,0.397345701738494,0.4082477855724306,0.010902083833936593
001062,00,0.4798651672056858,0.3953121116136864,-0.08455305559199938
001063,00,0.5161544358883466,0.3837483355280087,-0.13240610036033795
001064,00,0.5873676952748111,0.39754486915199544,-0.1898228261228157
001065,00,0.6338862884477663,0.4238045763773672,-0.2100817120703991
001066,00,0.5549952422171603,0.4372486449590571,-0.11774659725810327
001067,00,0.4990125001840033,0.4959411761871692,-0.0030713239968340744
001068,00,0.5760072972414805,0.5514020592793635,-0.024605237962117
001069,00,0.6116360778873753,0.5542108206362099,-0.05742525725116543
001070,00,0.6054969187232142,0.524190301566944,-0.08130661715627019
001071,00,0.5800793391452319,0.5101328459887258,-0.06994649315650614
001072,00,0.4940999395858534,0.5093823740234654,0.015282434437612014
001073,00,0.42249084677059623,0.49879510426202045,0.07630425749142422
001074,00,0.37959804154849514,0.5062334122593759,0.12663537071088077
001075,00,0.3948595294740507,0.5285027026124388,0.13364317313838814
001076,00,0.4521464387179004,0.5827489778405189,0.13060253912261854
001077,00,0.47894984164976306,0.5989500346957493,0.12000019304598619
001078,00,0.5269004671739023,0.6205097975708717,0.09360933039696939
001079,00,0.5346216262169788,0.6559417149694209,0.12132008875244205
001080,00,0.5685345697954812,0.6791126646715294,0.1105780948760482
001081,00,0.6000302151584634,0.7327712847603317,0.13274106960186827
001082,00,0.5997986582918456,0.7099742710629453,0.11017561277109966
001083,00,0.583533823932907,0.6811475764074632,0.09761375247455617
001084,00,0.5388540601922834,0.6424131359675137,0.10355907577523027
001085,00,0.5253424494868333,0.6408237109098536,0.11548126142302029
001086,00,0.5549221934713052,0.6925060441273547,0.1375838506560495
001087,00,0.5336181973389336,0.6992706302667123,0.16565243292777876
001088,00,0.49028119378038476,0.7042349869933521,0.2139537932129673
001089,00,0.48265482025138673,0.6656441619340573,0.18298934168267056
001090,00,0.4443102322104312,0.6260532149966364,0.18174298278620515
001091,00,0.415214476203723,0.607492706614492,0.19227823041076897
001092,00,0.39642610843746073,0.6270575275109236,0.23063141907346285
001093,00,0.3450506448255322,0.6083193359905694,0.2632686911650372
001094,00,0.35567637472944214,0.597473849875221,0.24179747514577887
001095,00,0.40518328509309726,0.6412857879416174,0.23610250284852013
001096,00,0.4226432974173679,0.6250724466610008,0.20242914924363292
001097,00,0.42828984827338323,0.5859361189931105,0.15764627071972726
001098,00,0.4239443425003129,0.5410695146497025,0.11712517214938967
001099,00,0.44382216027971483,0.5332763640954702,0.08945420381575536
001100,00,0.48154375855879483,0.5458825208355496,0.06433876227675472
001101,00,0.47717275918844654,0.5273016940628347,0.05012893487438813
001102,00,0.4786383694888538,0.5364499887379207,0.057811619249066915
001103,00,0.47190861836401754,0.5386511823751441,0.06674256401112655
001104,00,0.47625141201990057,0.5378501717510165,0.06159875973111589
001105,00,0.5023809214300609,0.5483855362246917,0.046004614794630805
001106,00,0.5136890255215236,0.5567446576753345,0.04305563215381092
001107,00,0.5018770831997648,0.5525145851798596,0.05063750198009487
001108,00,0.49355970175458813,0.5344878204316599,0.040928118677071745
001109,00,0.46837692988562507,0.5364655328901288,0.0680886030045037
001110,00,0.3960276476710427,0.5296966921450201,0.13366904447397743
001111,00,0.38021548198514227,0.5470359036909529,0.16682042170581063
001112,00,0.36578353481670606,0.5599016081567062,0.19411807334000014
001113,00,0.35283840431184754,0.5625988072251568,0.20976040291330922
001114,00,0.3391556862302306,0.5861235386509519,0.24696785242072128
001115,00,0.3408446085440097,0.5934782336510972,0.2526336251070875
001116,00,0.3419718346833496,0.6087876399590337,0.26681580527568416
001117,00,0.3318588274851905,0.6225541405105128,0.2906953130253223
001118,00,0.34276607842183293,0.6423238349118467,0.2995577564900138
001119,00,0.35833860097273523,0.6646208220220595,0.3062822210493243
001120,00,0.3801513062791364,0.718126867096762,0.3379755608176256
001121,00,0.41299444156525283,0.7578343061848274,0.34483986461957455
001122,00,0.40227669856987347,0.7457363449817297,0.3434596464118562
001123,00,0.4148907401318794,0.7496143115111361,0.33472357137925673
001124,00,0.45464699205228293,0.78011410616556,0.32546711411327706
001125,00,0.4754743483887468,0.8075439043053033,0.3320695559165565
001126,00,0.4872091595317576,0.8330241383395341,0.34581497880777656
001127,00,0.4931264389199397,0.8487912480320818,0.35566480911214216
001128,00,0.4894611185516385,0.8282416882704144,0.33878056971877596
001129,00,0.5036851443298876,0.8309653560761383,0.32728021174625066
001130,00,0.48811154209837715,0.7925540887864053,0.30444254668802817
001131,00,0.497707973557325,0.7797380268636392,0.28203005330631425
001132,00,0.4952305386780552,0.750226574587608,0.2549960359095528
001133,00,0.4814503011712897,0.732174525125639,0.2507242239543493
001134,00,0.48502778233240074,0.6996109124213481,0.21458313008894736
001135,00,0.5069151681979666,0.6979985138440338,0.19108334564606722
001136,00,0.5129406396738118,0.6706906540016425,0.15775001432783076
001137,00,0.49712437633021156,0.6179856906284078,0.12086131429819624
001138,00,0.48288504349715844,0.5883462645889721,0.10546122109181366
001139,00,0.498935818256121,0.5883097176867913,0.08937389943067031
001140,00,0.5062521072280178,0.5550378080913168,0.04878570086329892
001141,00,0.537383659818847,0.5246310163986362,-0.012752643420210763
001142,00,0.5627636265394111,0.5098304431935753,-0.052933183345835855
001143,00,0.5716230654191138,0.4815330210465774,-0.09009004437253637
001144,00,0.5712783367222884,0.45093895473113443,-0.12033938199115402
001145,00,0.5294464018637989,0.42554884207941607,-0.10389755978438281
001146,00,0.5494666651601684,0.39840496918731366,-0.15106169597285474
001147,00,0.47658742853643754,0.3725549997300892,-0.10403242880634833
001148,00,0.48214077128101557,0.36259077656967986,-0.1195499947113357
001149,00,0.4902679882992845,0.3470356300935247,-0.14323235820575975
001150,00,0.4736308293696493,0.3181084436327002,-0.1555223857369491
001151,00,0.5210220350157422,0.32022537878286755,-0.20079665623287463
001152,00,0.5583775450561559,0.3159261953144633,-0.24245134974169258
001153,00,0.5717151151320659,0.31104805155770365,-0.2606670635743622
001154,00,0.519266577544763,0.3060015649729924,-0.2132650125717706
001155,00,0.4567365304509743,0.30187954328286065,-0.15485698716811364
001156,00,0.3778968656672209,0.3002644995437215,-0.07763236612349944
001157,00,0.32497790149376177,0.28829835275208965,-0.03667954874167212
001158,00,0.2820854504831736,0.28980128347713,0.007715832993956395
001159,00,0.2781221503511111,0.2831211647422268,0.004999014391115719
001160,00,0.27293259918224316,0.2861880852228335,0.013255486040590347
001161,00,0.27146036375650107,0.2838120704037128,0.012351706647211746
001162,00,0.27361168456307033,0.2766284336224354,0.0030167490593650537
001163,00,0.2951191819205262,0.2797966920693319,-0.015322489851194332
001164,00,0.27512386985828624,0.2650620955731658,-0.01006177428512045
001165,00,0.2705901581958968,0.26066780643017956,-0.009922351765717263
001166,00,0.24635160242862253,0.23795133538029276,-0.008400267048329774
001167,00,0.23007994534550605,0.22622503886886758,-0.00385490647663847
001168,00,0.2160292209196465,0.20874554697077619,-0.007283673948870306
001169,00,0.20409792753974543,0.20139220704067431,-0.0027057204990711126
001170,00,0.20757790930589948,0.20115689311760926,-0.006421016188290218
001171,00,0.21304796996274594,0.20373080403142016,-0.009317165931325783
001172,00,0.20599749708176596,0.19915199349246085,-0.0068455035893051075
001173,00,0.20126555082062125,0.20419922005487395,0.0029336692342527004
001174,00,0.20127976995209734,0.20543850890419163,0.0041587389520942875
001175,00,0.20641577166291294,0.2167857464574537,0.010369974794540743
001176,00,0.22230696141401773,0.2361688683435594,0.013861906929541673
001177,00,0.23128687493164485,0.24188719463463806,0.010600319702993216
001178,00,0.24560264031524529,0.2521647358958165,0.00656209558057122
001179,00,0.2586352973119055,0.25152163297013197,-0.007113664341773518
001180,00,0.2607797690223368,0.2480610749252007,-0.012718694097136107
001181,00,0.2604238613595895,0.2525499313352196,-0.007873930024369924
001182,00,0.26667959996099105,0.261955139130117,-0.004724460830874078
001183,00,0.27125925083167146,0.2601038064559489,-0.011155444375722579
001184,00,0.26637459147942316,0.26524938843506357,-0.0011252030443595906
001185,00,0.26770907972959745,0.264837824607889,-0.002871255121708438
001186,00,0.26591325249123987,0.26786672002887996,0.0019534675376400856
001187,00,0.2621337487544912,0.26871767090089854,0.0065839221464073505
001188,00,0.26175743161117127,0.2664681093488351,0.004710677737663815
001189,00,0.24981195336808065,0.25516283225460423,0.00535087888652358
001190,00,0.2573586456822918,0.24381154599708585,-0.013547099685205927
001191,00,0.2382223713593098,0.2347108751190287,-0.0035114962402811034
001192,00,0.2404383236779244,0.2282019555996561,-0.012236368078268306
001193,00,0.2536488557155102,0.22807744767484678,-0.025571408040663435
001194,00,0.2906822332722104,0.24354556325489712,-0.047136670017313254
001195,00,0.32658617352960106,0.2503324694716134,-0.07625370405798765
001196,00,0.3360070343186263,0.24808862215124883,-0.08791841216737745
001197,00,0.3588777793412552,0.24758557165117384,-0.11129220769008136
001198,00,0.35512574907602634,0.25168204389513815,-0.10344370518088819
001199,00,0.3506318717319623,0.28028025797262823,-0.07035161375933408
001200,00,0.38086026067259277,0.31604798420136704,-0.06481227647122573
001201,00,0.4687587969380657,0.338900881307671,-0.12985791563039473
001202,00,0.44993051958469055,0.35783061709557595,-0.0920999024891146
001203,00,0.42768655923820403,0.36763272661850266,-0.060053832619701375
001204,00,0.4347414200218611,0.3801176872239662,-0.0546237327978949
001205,00,0.4932103168736712,0.41946863622063135,-0.07374168065303982
001206,00,0.5259047705769769,0.43922309420422584,-0.08668167637275109
001207,00,0.5179972913214906,0.46470072923747807,-0.053296562084012566
001208,00,0.5069411339786091,0.4779749321986697,-0.02896620177993936
001209,00,0.46991711686814813,0.48335620565553816,0.01343908878739003
001210,00,0.40081174207834513,0.4734872159125023,0.07267547383415718
001211,00,0.3999009528162522,0.49533428581120176,0.09543333299494955
001212,00,0.3823929104473412,0.5182379262128131,0.13584501576547187
001213,00,0.38586452869081117,0.5293321491109085,0.14346762042009736
001214,00,0.38600819155896954,0.5555677541189852,0.16955956256001564
001215,00,0.3959312343003801,0.5466052043175336,0.1506739700171535
001216,00,0.3911904799303532,0.5653492408216113,0.1741587608912581
001217,00,0.4100974724637361,0.5796198695033369,0.16952239703960076
001218,00,0.4008670474647871,0.5717331943677184,0.17086614690293134
001219,00,0.3973229037050211,0.5577154851336272,0.16039258142860613
001220,00,0.39017348595576457,0.5470616742913299,0.15688818833556534
001221,00,0.40907565342745905,0.5399598121696244,0.13088415874216536
001222,00,0.410474507877332,0.5295303962668121,0.11905588838948011
001223,00,0.4136122674804745,0.5088422623000167,0.0952299948195422
001224,00,0.44464242416927213,0.5195043146794732,0.07486189051020109
001225,00,0.46935435963004163,0.5107886034106612,0.041434243780619606
001226,00,0.4746146118722,0.5057903945002896,0.03117578262808962
001227,00,0.48663743478796895,0.5019542499214776,0.015316815133508688
001228,00,0.5445795172411128,0.5284181296812897,-0.016161387559823104
001229,00,0.5919854298757491,0.5489366043521148,-0.043048825523634315
001230,00,0.6152238410871883,0.5596893514512516,-0.05553448963593666
001231,00,0.6595946904384666,0.5812521175177436,-0.078342572920723
001232,00,0.6553279399351414,0.5830572174399988,-0.07227072249514255
001233,00,0.6325764564032796,0.5832800619862712,-0.04929639441700839
001234,00,0.6017507582255925,0.5662960395256075,-0.035454718699985066
001235,00,0.5957453654522874,0.5582679284147753,-0.03747743703751205
001236,00,0.5889346842308578,0.5738873939807008,-0.015047290250157053
001237,00,0.5677568536808292,0.5525785329847036,-0.015178320696125569
001238,00,0.5205009612117052,0.49981900167908605,-0.020681959532619143
001239,00,0.48705839771069165,0.4655957752904244,-0.021462622420267252
001240,00,0.4907191847563845,0.4369991812126245,-0.05372000354376
001241,00,0.49162378770667753,0.4105523072122896,-0.08107148049438795
001242,00,0.5225741633471013,0.39712627752082374,-0.12544788582627753
001243,00,0.5443092028835533,0.38754382942730775,-0.15676537345624558
001244,00,0.5420719089719431,0.3577252121986805,-0.18434669677326265
001245,00,0.546993955242175,0.3442022441534871,-0.20279171108868788
001246,00,0.5294553204028881,0.3232645657388698,-0.20619075466401832
001247,00,0.5145164263531934,0.31355609118226874,-0.20096033517092465
001248,00,0.4991364887660949,0.29740524409220204,-0.20173124467389286
001249,00,0.4680116707860703,0.2771555087471096,-0.19085616203896072
001250,00,0.4723364156191456,0.2733797958610547,-0.19895661975809087
001251,00,0.450893842926255,0.2570320617936165,-0.19386178113263852
001252,00,0.43727246620510923,0.25549970640041847,-0.18177275980469076
001253,00,0.4352474955506923,0.2553824421824337,-0.1798650533682586
001254,00,0.4162932289200043,0.257002765691445,-0.15929046322855933
001255,00,0.3954510496740768,0.2462720740218753,-0.1491789756522015
001256,00,0.3855826908659673,0.2465128513343047,-0.1390698395316626
001257,00,0.36712219440169885,0.24445191061382396,-0.1226702837878749
001258,00,0.35709532793518894,0.24979142849787475,-0.10730389943731419
001259,00,0.35734796640120686,0.2453709963788947,-0.11197697002231216
001260,00,0.34532194037502395,0.2548545297959452,-0.09046741057907876
001261,00,0.3152066894385591,0.2541004538434885,-0.06110623559507061
001262,00,0.28642980037156784,0.2525952524564857,-0.03383454791508217
001263,00,0.27451279216011404,0.2511714931626945,-0.023341298997419546
001264,00,0.2626123660805558,0.25108479516133525,-0.011527570919220576
001265,00,0.2532313646586721,0.25765783613718013,0.004426471478508054
001266,00,0.2461941602678238,0.27998536493610177,0.03379120466827798
001267,00,0.2457139184463732,0.2924159647085239,0.04670204626215069
001268,00,0.2223997405782843,0.29520010615660164,0.07280036557831734
001269,00,0.20812823559885904,0.2929978775257523,0.08486964192689325
001270,00,0.20227055242701455,0.3079545584441134,0.10568400601709885
001271,00,0.18979692145242658,0.3064191379566625,0.1166222165042359
001272,00,0.1954155880079079,0.3159130265674884,0.12049743855958048
001273,00,0.20408287785407886,0.32295431723973517,0.11887143938565631
001274,00,0.21636740489127906,0.33668243364109784,0.12031502874981878
001275,00,0.2241143609423148,0.3348779053258683,0.11076354438355351
001276,00,0.23584715678014367,0.34320075445389997,0.1073535976737563
001277,00,0.23516298206366928,0.33506980092863253,0.09990681886496325
001278,00,0.2167478955445046,0.32091523644907205,0.10416734090456745
001279,00,0.20007679489200833,0.30113739941456513,0.1010606045225568
001280,00,0.18170384472130902,0.28045133587347154,0.09874749115216253
001281,00,0.18162703438616515,0.2896966710083492,0.10806963662218408
001282,00,0.1695959301568632,0.2807830621806001,0.11118713202373692
001283,00,0.15686540922511213,0.2715902649614703,0.11472485573635818
001284,00,0.1493633645249605,0.27289954175248826,0.12353617722752777
001285,00,0.14950643089505983,0.287354756300033,0.13784832540497316
001286,00,0.1430274036596631,0.2864743830562121,0.143446979396549
001287,00,0.1570874588653351,0.3000030767725457,0.14291561790721058
001288,00,0.15799822135961367,0.2976703450110584,0.1396721236514447
001289,00,0.16460840986613803,0.29353359368326115,0.12892518381712312
001290,00,0.17837132322472393,0.29906742847149803,0.1206961052467741
001291,00,0.1867999441275687,0.29998782773794636,0.11318788361037765
001292,00,0.20552793777609124,0.29911960943748184,0.0935916716613906
001293,00,0.198578057640379,0.2825960665493833,0.0840180089090043
001294,00,0.18817983846071415,0.24663981890420483,0.05845998044349068
001295,00,0.19516135995458778,0.2440942752774355,0.048932915322847714
001296,00,0.1967593321147424,0.21375534166356872,0.016996009548826324
001297,00,0.19484294138155706,0.19564769246868882,0.0008047510871317665
001298,00,0.19237027814774993,0.22406655445304283,0.0316962763052929
001299,00,0.17683381242944962,0.21104932807478785,0.03421551564533823
001300,00,0.17825428583461506,0.22323395940171709,0.04497967356710203
001301,00,0.15130215440188427,0.2109577025112473,0.05965554810936302
001302,00,0.14792663887437554,0.21580021128804858,0.06787357241367303
001303,00,0.13387805917282208,0.21911262939661805,0.08523457022379596
001304,00,0.11564874081003801,0.2155672903788881,0.0999185495688501
001305,00,0.0944099560896081,0.20883193357777666,0.11442197748816856
001306,00,0.10102676714664346,0.20708584524775167,0.1060590781011082
001307,00,0.08439734590641283,0.2020556631873019,0.11765831728088906
001308,00,0.09658036968233423,0.1968616763064534,0.10028130662411917
001309,00,0.10478926467016152,0.20763602003158596,0.10284675536142444
001310,00,0.13673210698361746,0.21490903956178925,0.07817693257817179
001311,00,0.1632829714651083,0.22266329485948508,0.059380323394376766
001312,00,0.16950817260518697,0.20025268567115162,0.03074451306596465
001313,00,0.18784512864092912,0.1909793988037234,0.0031342701627942726
001314,00,0.1796136400252465,0.18358292389113232,0.003969283865885825
001315,00,0.17424611111349703,0.17646518893597224,0.002219077822475213
001316,00,0.17796970168748558,0.1641203896788179,-0.01384931200866768
001317,00,0.22343409980699877,0.18671687838211692,-0.036717221424881846
001318,00,0.25263194575916603,0.1985477836853735,-0.05408416207379252
001319,00,0.26093818203823976,0.1966549973194709,-0.06428318471876887
001320,00,0.271230744326667,0.20456457001994746,-0.06666617430671953
001321,00,0.20811103902198874,0.186307228766914,-0.021803810255074746
001322,00,0.2406880004992277,0.1679866739689933,-0.0727013265302344
001323,00,0.2286481108214034,0.15169784876431278,-0.07695026205709063
001324,00,0.2346151873116749,0.1556490949478224,-0.07896609236385252
001325,00,0.2635552977309365,0.16361360206573805,-0.09994169566519845
001326,00,0.27890707253103414,0.17606847532449754,-0.1028385972065366
001327,00,0.23867963082111046,0.20235389241758875,-0.03632573840352171
001328,00,0.22027797336207283,0.23821648228529058,0.017938508923217744
001329,00,0.19279905407751266,0.29189464962773876,0.0990955955502261
001330,00,0.17851027884145934,0.3539128655929972,0.17540258675153783
001331,00,0.21327963979924594,0.4048381220038686,0.19155848220462265
001332,00,0.21292585736028571,0.4190215967248907,0.20609573936460499
001333,00,0.22550174989037236,0.38727801788719346,0.1617762679968211
001334,00,0.23354475483370216,0.3893063533064127,0.15576159847271057
001335,00,0.2247816903653432,0.3930699219923069,0.16828823162696369
001336,00,0.2264151221597114,0.40969654477437367,0.18328142261466226
001337,00,0.2332668390312903,0.4424071791240993,0.20914034009280902
001338,00,0.2676456646498702,0.4432799534401978,0.1756342887903276
001339,00,0.28984966369950527,0.468485182980923,0.17863551928141774
001340,00,0.28445353900846987,0.48400532065718005,0.19955178164871018
001341,00,0.27295069611284795,0.46861575845448356,0.1956650623416356
001342,00,0.2889891049846231,0.47530804891414824,0.18631894392952514
001343,00,0.3063678720025662,0.4896374396423949,0.1832695676398287
001344,00,0.33719967652704735,0.4968130616882547,0.15961338516120732
